slug,title,canonical_url,preferred_year,tier,visual_type,region,cluster,wayback_availability_url,wayback_cdx_url
world-wide-web,World Wide Web,http://info.cern.ch/,1991,1,thumbnail,Early Web,core-web,http://archive.org/wayback/available?url=http://info.cern.ch/&timestamp=19910101,"https://web.archive.org/cdx/search/cdx?url=http://info.cern.ch/&from=1990&to=1992&output=json&fl=timestamp,original,statuscode,mimetype&filter=statuscode:200&limit=20"
mosaic,Mosaic,http://www.ncsa.uiuc.edu/SDG/Software/Mosaic/NCSAMosaicHome.html,1993,2,thumbnail,Early Web,core-web,http://archive.org/wayback/available?url=http://www.ncsa.uiuc.edu/SDG/Software/Mosaic/NCSAMosaicHome.html&timestamp=19930101,"https://web.archive.org/cdx/search/cdx?url=http://www.ncsa.uiuc.edu/SDG/Software/Mosaic/NCSAMosaicHome.html&from=1992&to=1994&output=json&fl=timestamp,original,statuscode,mimetype&filter=statuscode:200&limit=20"
netscape-navigator,Netscape Navigator,http://home.netscape.com/,1995,1,thumbnail,Early Web,core-web,http://archive.org/wayback/available?url=http://home.netscape.com/&timestamp=19950101,"https://web.archive.org/cdx/search/cdx?url=http://home.netscape.com/&from=1994&to=1996&output=json&fl=timestamp,original,statuscode,mimetype&filter=statuscode:200&limit=20"
internet-explorer,Internet Explorer,http://www.microsoft.com/windows/ie/,1998,2,thumbnail,Early Web,core-web,http://archive.org/wayback/available?url=http://www.microsoft.com/windows/ie/&timestamp=19980101,"https://web.archive.org/cdx/search/cdx?url=http://www.microsoft.com/windows/ie/&from=1997&to=1999&output=json&fl=timestamp,original,statuscode,mimetype&filter=statuscode:200&limit=20"
firefox,Firefox,http://www.mozilla.org/products/firefox/,2004,2,thumbnail,Early Web,core-web,http://archive.org/wayback/available?url=http://www.mozilla.org/products/firefox/&timestamp=20040101,"https://web.archive.org/cdx/search/cdx?url=http://www.mozilla.org/products/firefox/&from=2003&to=2005&output=json&fl=timestamp,original,statuscode,mimetype&filter=statuscode:200&limit=20"
chrome,Chrome,http://www.google.com/chrome/,2008,2,thumbnail,Early Web,core-web,http://archive.org/wayback/available?url=http://www.google.com/chrome/&timestamp=20080101,"https://web.archive.org/cdx/search/cdx?url=http://www.google.com/chrome/&from=2007&to=2009&output=json&fl=timestamp,original,statuscode,mimetype&filter=statuscode:200&limit=20"
geocities,GeoCities,http://www.geocities.com/,1998,1,thumbnail,Early Web,core-web,http://archive.org/wayback/available?url=http://www.geocities.com/&timestamp=19980101,"https://web.archive.org/cdx/search/cdx?url=http://www.geocities.com/&from=1997&to=1999&output=json&fl=timestamp,original,statuscode,mimetype&filter=statuscode:200&limit=20"
yahoo-directory,Yahoo Directory,http://dir.yahoo.com/,1998,2,thumbnail,Information,search-portals,http://archive.org/wayback/available?url=http://dir.yahoo.com/&timestamp=19980101,"https://web.archive.org/cdx/search/cdx?url=http://dir.yahoo.com/&from=1997&to=1999&output=json&fl=timestamp,original,statuscode,mimetype&filter=statuscode:200&limit=20"
yahoo,Yahoo,http://www.yahoo.com/,1998,2,thumbnail,Information,search-portals,http://archive.org/wayback/available?url=http://www.yahoo.com/&timestamp=19980101,"https://web.archive.org/cdx/search/cdx?url=http://www.yahoo.com/&from=1997&to=1999&output=json&fl=timestamp,original,statuscode,mimetype&filter=statuscode:200&limit=20"
altavista,AltaVista,http://www.altavista.com/,1998,2,thumbnail,Information,search-portals,http://archive.org/wayback/available?url=http://www.altavista.com/&timestamp=19980101,"https://web.archive.org/cdx/search/cdx?url=http://www.altavista.com/&from=1997&to=1999&output=json&fl=timestamp,original,statuscode,mimetype&filter=statuscode:200&limit=20"
ask-jeeves,Ask Jeeves,http://www.askjeeves.com/,1999,2,thumbnail,Information,search-portals,http://archive.org/wayback/available?url=http://www.askjeeves.com/&timestamp=19990101,"https://web.archive.org/cdx/search/cdx?url=http://www.askjeeves.com/&from=1998&to=2000&output=json&fl=timestamp,original,statuscode,mimetype&filter=statuscode:200&limit=20"
google,Google,http://www.google.com/,2000,1,thumbnail,Information,search-portals,http://archive.org/wayback/available?url=http://www.google.com/&timestamp=20000101,"https://web.archive.org/cdx/search/cdx?url=http://www.google.com/&from=1999&to=2001&output=json&fl=timestamp,original,statuscode,mimetype&filter=statuscode:200&limit=20"
stumbleupon,StumbleUpon,http://www.stumbleupon.com/,2006,2,thumbnail,Information,search-portals,http://archive.org/wayback/available?url=http://www.stumbleupon.com/&timestamp=20060101,"https://web.archive.org/cdx/search/cdx?url=http://www.stumbleupon.com/&from=2005&to=2007&output=json&fl=timestamp,original,statuscode,mimetype&filter=statuscode:200&limit=20"
digg,Digg,http://digg.com/,2006,2,thumbnail,Information,search-portals,http://archive.org/wayback/available?url=http://digg.com/&timestamp=20060101,"https://web.archive.org/cdx/search/cdx?url=http://digg.com/&from=2005&to=2007&output=json&fl=timestamp,original,statuscode,mimetype&filter=statuscode:200&limit=20"
slashdot,Slashdot,http://slashdot.org/,2000,2,thumbnail,Information,search-portals,http://archive.org/wayback/available?url=http://slashdot.org/&timestamp=20000101,"https://web.archive.org/cdx/search/cdx?url=http://slashdot.org/&from=1999&to=2001&output=json&fl=timestamp,original,statuscode,mimetype&filter=statuscode:200&limit=20"
blogger,Blogger,http://www.blogger.com/,2002,1,thumbnail,Personal Publishing,blogs-rss,http://archive.org/wayback/available?url=http://www.blogger.com/&timestamp=20020101,"https://web.archive.org/cdx/search/cdx?url=http://www.blogger.com/&from=2001&to=2003&output=json&fl=timestamp,original,statuscode,mimetype&filter=statuscode:200&limit=20"
livejournal,LiveJournal,http://www.livejournal.com/,2003,2,thumbnail,Personal Publishing,blogs-rss,http://archive.org/wayback/available?url=http://www.livejournal.com/&timestamp=20030101,"https://web.archive.org/cdx/search/cdx?url=http://www.livejournal.com/&from=2002&to=2004&output=json&fl=timestamp,original,statuscode,mimetype&filter=statuscode:200&limit=20"
wordpress,WordPress,http://wordpress.org/,2005,2,thumbnail,Personal Publishing,blogs-rss,http://archive.org/wayback/available?url=http://wordpress.org/&timestamp=20050101,"https://web.archive.org/cdx/search/cdx?url=http://wordpress.org/&from=2004&to=2006&output=json&fl=timestamp,original,statuscode,mimetype&filter=statuscode:200&limit=20"
tumblr,Tumblr,http://www.tumblr.com/,2009,2,thumbnail,Personal Publishing,blogs-rss,http://archive.org/wayback/available?url=http://www.tumblr.com/&timestamp=20090101,"https://web.archive.org/cdx/search/cdx?url=http://www.tumblr.com/&from=2008&to=2010&output=json&fl=timestamp,original,statuscode,mimetype&filter=statuscode:200&limit=20"
icq,ICQ,http://www.icq.com/,1999,1,thumbnail,Messaging,chat-presence,http://archive.org/wayback/available?url=http://www.icq.com/&timestamp=19990101,"https://web.archive.org/cdx/search/cdx?url=http://www.icq.com/&from=1998&to=2000&output=json&fl=timestamp,original,statuscode,mimetype&filter=statuscode:200&limit=20"
aol-instant-messenger,AOL Instant Messenger,http://www.aim.com/,2001,2,thumbnail,Messaging,chat-presence,http://archive.org/wayback/available?url=http://www.aim.com/&timestamp=20010101,"https://web.archive.org/cdx/search/cdx?url=http://www.aim.com/&from=2000&to=2002&output=json&fl=timestamp,original,statuscode,mimetype&filter=statuscode:200&limit=20"
msn-messenger,MSN Messenger,http://messenger.msn.com/,2003,2,thumbnail,Messaging,chat-presence,http://archive.org/wayback/available?url=http://messenger.msn.com/&timestamp=20030101,"https://web.archive.org/cdx/search/cdx?url=http://messenger.msn.com/&from=2002&to=2004&output=json&fl=timestamp,original,statuscode,mimetype&filter=statuscode:200&limit=20"
skype,Skype,http://www.skype.com/,2005,2,thumbnail,Messaging,chat-presence,http://archive.org/wayback/available?url=http://www.skype.com/&timestamp=20050101,"https://web.archive.org/cdx/search/cdx?url=http://www.skype.com/&from=2004&to=2006&output=json&fl=timestamp,original,statuscode,mimetype&filter=statuscode:200&limit=20"
discord,Discord,http://discord.com/,2017,2,thumbnail,Messaging,chat-presence,http://archive.org/wayback/available?url=http://discord.com/&timestamp=20170101,"https://web.archive.org/cdx/search/cdx?url=http://discord.com/&from=2016&to=2018&output=json&fl=timestamp,original,statuscode,mimetype&filter=statuscode:200&limit=20"
lunarstorm,LunarStorm,http://www.lunarstorm.se/,2002,2,thumbnail,Nordic / Local Web,nordic-local,http://archive.org/wayback/available?url=http://www.lunarstorm.se/&timestamp=20020101,"https://web.archive.org/cdx/search/cdx?url=http://www.lunarstorm.se/&from=2001&to=2003&output=json&fl=timestamp,original,statuscode,mimetype&filter=statuscode:200&limit=20"
napster,Napster,http://www.napster.com/,2000,1,thumbnail,File Sharing,p2p-media,http://archive.org/wayback/available?url=http://www.napster.com/&timestamp=20000101,"https://web.archive.org/cdx/search/cdx?url=http://www.napster.com/&from=1999&to=2001&output=json&fl=timestamp,original,statuscode,mimetype&filter=statuscode:200&limit=20"
limewire,LimeWire,http://www.limewire.com/,2003,2,thumbnail,File Sharing,p2p-media,http://archive.org/wayback/available?url=http://www.limewire.com/&timestamp=20030101,"https://web.archive.org/cdx/search/cdx?url=http://www.limewire.com/&from=2002&to=2004&output=json&fl=timestamp,original,statuscode,mimetype&filter=statuscode:200&limit=20"
bittorrent,BitTorrent,http://www.bittorrent.com/,2004,2,thumbnail,File Sharing,p2p-media,http://archive.org/wayback/available?url=http://www.bittorrent.com/&timestamp=20040101,"https://web.archive.org/cdx/search/cdx?url=http://www.bittorrent.com/&from=2003&to=2005&output=json&fl=timestamp,original,statuscode,mimetype&filter=statuscode:200&limit=20"
the-pirate-bay,The Pirate Bay,http://thepiratebay.org/,2006,2,thumbnail,File Sharing,p2p-media,http://archive.org/wayback/available?url=http://thepiratebay.org/&timestamp=20060101,"https://web.archive.org/cdx/search/cdx?url=http://thepiratebay.org/&from=2005&to=2007&output=json&fl=timestamp,original,statuscode,mimetype&filter=statuscode:200&limit=20"
winamp,Winamp,http://www.winamp.com/,2000,2,thumbnail,File Sharing,p2p-media,http://archive.org/wayback/available?url=http://www.winamp.com/&timestamp=20000101,"https://web.archive.org/cdx/search/cdx?url=http://www.winamp.com/&from=1999&to=2001&output=json&fl=timestamp,original,statuscode,mimetype&filter=statuscode:200&limit=20"
spotify,Spotify,http://www.spotify.com/,2009,2,thumbnail,File Sharing,p2p-media,http://archive.org/wayback/available?url=http://www.spotify.com/&timestamp=20090101,"https://web.archive.org/cdx/search/cdx?url=http://www.spotify.com/&from=2008&to=2010&output=json&fl=timestamp,original,statuscode,mimetype&filter=statuscode:200&limit=20"
something-awful,Something Awful,http://www.somethingawful.com/,2004,2,thumbnail,Forums & Culture,forums,http://archive.org/wayback/available?url=http://www.somethingawful.com/&timestamp=20040101,"https://web.archive.org/cdx/search/cdx?url=http://www.somethingawful.com/&from=2003&to=2005&output=json&fl=timestamp,original,statuscode,mimetype&filter=statuscode:200&limit=20"
slashdot,Slashdot,http://slashdot.org/,2000,2,thumbnail,Information,search-portals,http://archive.org/wayback/available?url=http://slashdot.org/&timestamp=20000101,"https://web.archive.org/cdx/search/cdx?url=http://slashdot.org/&from=1999&to=2001&output=json&fl=timestamp,original,statuscode,mimetype&filter=statuscode:200&limit=20"
digg,Digg,http://digg.com/,2006,2,thumbnail,Information,search-portals,http://archive.org/wayback/available?url=http://digg.com/&timestamp=20060101,"https://web.archive.org/cdx/search/cdx?url=http://digg.com/&from=2005&to=2007&output=json&fl=timestamp,original,statuscode,mimetype&filter=statuscode:200&limit=20"
reddit,Reddit,http://www.reddit.com/,2008,1,thumbnail,Forums & Culture,forums,http://archive.org/wayback/available?url=http://www.reddit.com/&timestamp=20080101,"https://web.archive.org/cdx/search/cdx?url=http://www.reddit.com/&from=2007&to=2009&output=json&fl=timestamp,original,statuscode,mimetype&filter=statuscode:200&limit=20"
macromedia-flash,Macromedia Flash,http://www.macromedia.com/software/flash/,2002,2,thumbnail,Creative Web,flash-animation,http://archive.org/wayback/available?url=http://www.macromedia.com/software/flash/&timestamp=20020101,"https://web.archive.org/cdx/search/cdx?url=http://www.macromedia.com/software/flash/&from=2001&to=2003&output=json&fl=timestamp,original,statuscode,mimetype&filter=statuscode:200&limit=20"
adobe-flash,Adobe Flash,http://www.adobe.com/products/flashplayer/,2008,2,thumbnail,Creative Web,flash-animation,http://archive.org/wayback/available?url=http://www.adobe.com/products/flashplayer/&timestamp=20080101,"https://web.archive.org/cdx/search/cdx?url=http://www.adobe.com/products/flashplayer/&from=2007&to=2009&output=json&fl=timestamp,original,statuscode,mimetype&filter=statuscode:200&limit=20"
newgrounds,Newgrounds,http://www.newgrounds.com/,2004,1,thumbnail,Creative Web,flash-animation,http://archive.org/wayback/available?url=http://www.newgrounds.com/&timestamp=20040101,"https://web.archive.org/cdx/search/cdx?url=http://www.newgrounds.com/&from=2003&to=2005&output=json&fl=timestamp,original,statuscode,mimetype&filter=statuscode:200&limit=20"
homestar-runner,Homestar Runner,http://www.homestarrunner.com/,2004,2,thumbnail,Creative Web,flash-animation,http://archive.org/wayback/available?url=http://www.homestarrunner.com/&timestamp=20040101,"https://web.archive.org/cdx/search/cdx?url=http://www.homestarrunner.com/&from=2003&to=2005&output=json&fl=timestamp,original,statuscode,mimetype&filter=statuscode:200&limit=20"
hamster-dance,Hamster Dance,http://www.hamsterdance.com/,1999,2,thumbnail,Video & Viral,memes-remix,http://archive.org/wayback/available?url=http://www.hamsterdance.com/&timestamp=19990101,"https://web.archive.org/cdx/search/cdx?url=http://www.hamsterdance.com/&from=1998&to=2000&output=json&fl=timestamp,original,statuscode,mimetype&filter=statuscode:200&limit=20"
lolcats,LOLcats,http://icanhas.cheezburger.com/,2007,2,thumbnail,Video & Viral,memes-remix,http://archive.org/wayback/available?url=http://icanhas.cheezburger.com/&timestamp=20070101,"https://web.archive.org/cdx/search/cdx?url=http://icanhas.cheezburger.com/&from=2006&to=2008&output=json&fl=timestamp,original,statuscode,mimetype&filter=statuscode:200&limit=20"
friendster,Friendster,http://www.friendster.com/,2004,2,thumbnail,Social Platforms,social-platforms,http://archive.org/wayback/available?url=http://www.friendster.com/&timestamp=20040101,"https://web.archive.org/cdx/search/cdx?url=http://www.friendster.com/&from=2003&to=2005&output=json&fl=timestamp,original,statuscode,mimetype&filter=statuscode:200&limit=20"
myspace,MySpace,http://www.myspace.com/,2005,1,thumbnail,Social Platforms,social-platforms,http://archive.org/wayback/available?url=http://www.myspace.com/&timestamp=20050101,"https://web.archive.org/cdx/search/cdx?url=http://www.myspace.com/&from=2004&to=2006&output=json&fl=timestamp,original,statuscode,mimetype&filter=statuscode:200&limit=20"
facebook,Facebook,http://www.facebook.com/,2007,1,thumbnail,Social Platforms,social-platforms,http://archive.org/wayback/available?url=http://www.facebook.com/&timestamp=20070101,"https://web.archive.org/cdx/search/cdx?url=http://www.facebook.com/&from=2006&to=2008&output=json&fl=timestamp,original,statuscode,mimetype&filter=statuscode:200&limit=20"
twitter,Twitter,http://twitter.com/,2008,2,thumbnail,Social Platforms,social-platforms,http://archive.org/wayback/available?url=http://twitter.com/&timestamp=20080101,"https://web.archive.org/cdx/search/cdx?url=http://twitter.com/&from=2007&to=2009&output=json&fl=timestamp,original,statuscode,mimetype&filter=statuscode:200&limit=20"
instagram,Instagram,http://instagram.com/,2013,2,thumbnail,Social Platforms,social-platforms,http://archive.org/wayback/available?url=http://instagram.com/&timestamp=20130101,"https://web.archive.org/cdx/search/cdx?url=http://instagram.com/&from=2012&to=2014&output=json&fl=timestamp,original,statuscode,mimetype&filter=statuscode:200&limit=20"
tiktok,TikTok,http://www.tiktok.com/,2020,2,thumbnail,Social Platforms,social-platforms,http://archive.org/wayback/available?url=http://www.tiktok.com/&timestamp=20200101,"https://web.archive.org/cdx/search/cdx?url=http://www.tiktok.com/&from=2019&to=2021&output=json&fl=timestamp,original,statuscode,mimetype&filter=statuscode:200&limit=20"
google,Google,http://www.google.com/,2000,1,thumbnail,Information,search-portals,http://archive.org/wayback/available?url=http://www.google.com/&timestamp=20000101,"https://web.archive.org/cdx/search/cdx?url=http://www.google.com/&from=1999&to=2001&output=json&fl=timestamp,original,statuscode,mimetype&filter=statuscode:200&limit=20"
4chan,4chan,http://www.4chan.org/,2007,2,thumbnail,Forums & Culture,anonymous-imageboards,http://archive.org/wayback/available?url=http://www.4chan.org/&timestamp=20070101,"https://web.archive.org/cdx/search/cdx?url=http://www.4chan.org/&from=2006&to=2008&output=json&fl=timestamp,original,statuscode,mimetype&filter=statuscode:200&limit=20"
ytmnd,YTMND,http://ytmnd.com/,2005,2,thumbnail,Forums & Culture,anonymous-imageboards,http://archive.org/wayback/available?url=http://ytmnd.com/&timestamp=20050101,"https://web.archive.org/cdx/search/cdx?url=http://ytmnd.com/&from=2004&to=2006&output=json&fl=timestamp,original,statuscode,mimetype&filter=statuscode:200&limit=20"
know-your-meme,Know Your Meme,http://knowyourmeme.com/,2012,2,thumbnail,Forums & Culture,anonymous-imageboards,http://archive.org/wayback/available?url=http://knowyourmeme.com/&timestamp=20120101,"https://web.archive.org/cdx/search/cdx?url=http://knowyourmeme.com/&from=2011&to=2013&output=json&fl=timestamp,original,statuscode,mimetype&filter=statuscode:200&limit=20"
deviantart,DeviantArt,http://www.deviantart.com/,2005,2,thumbnail,Creative Web,fandom-creation,http://archive.org/wayback/available?url=http://www.deviantart.com/&timestamp=20050101,"https://web.archive.org/cdx/search/cdx?url=http://www.deviantart.com/&from=2004&to=2006&output=json&fl=timestamp,original,statuscode,mimetype&filter=statuscode:200&limit=20"
ebay,eBay,http://www.ebay.com/,2001,2,thumbnail,Commerce,commerce-platforms,http://archive.org/wayback/available?url=http://www.ebay.com/&timestamp=20010101,"https://web.archive.org/cdx/search/cdx?url=http://www.ebay.com/&from=2000&to=2002&output=json&fl=timestamp,original,statuscode,mimetype&filter=statuscode:200&limit=20"
craigslist,Craigslist,http://www.craigslist.org/,2003,2,thumbnail,Commerce,commerce-platforms,http://archive.org/wayback/available?url=http://www.craigslist.org/&timestamp=20030101,"https://web.archive.org/cdx/search/cdx?url=http://www.craigslist.org/&from=2002&to=2004&output=json&fl=timestamp,original,statuscode,mimetype&filter=statuscode:200&limit=20"
paypal,PayPal,http://www.paypal.com/,2002,2,thumbnail,Commerce,commerce-platforms,http://archive.org/wayback/available?url=http://www.paypal.com/&timestamp=20020101,"https://web.archive.org/cdx/search/cdx?url=http://www.paypal.com/&from=2001&to=2003&output=json&fl=timestamp,original,statuscode,mimetype&filter=statuscode:200&limit=20"
wikipedia,Wikipedia,http://www.wikipedia.org/,2004,1,thumbnail,Information,open-knowledge,http://archive.org/wayback/available?url=http://www.wikipedia.org/&timestamp=20040101,"https://web.archive.org/cdx/search/cdx?url=http://www.wikipedia.org/&from=2003&to=2005&output=json&fl=timestamp,original,statuscode,mimetype&filter=statuscode:200&limit=20"
internet-archive,Internet Archive,http://www.archive.org/,2002,2,thumbnail,Information,open-knowledge,http://archive.org/wayback/available?url=http://www.archive.org/&timestamp=20020101,"https://web.archive.org/cdx/search/cdx?url=http://www.archive.org/&from=2001&to=2003&output=json&fl=timestamp,original,statuscode,mimetype&filter=statuscode:200&limit=20"
wayback-machine,Wayback Machine,http://web.archive.org/,2002,2,thumbnail,Information,open-knowledge,http://archive.org/wayback/available?url=http://web.archive.org/&timestamp=20020101,"https://web.archive.org/cdx/search/cdx?url=http://web.archive.org/&from=2001&to=2003&output=json&fl=timestamp,original,statuscode,mimetype&filter=statuscode:200&limit=20"
lunarstorm,LunarStorm,http://www.lunarstorm.se/,2002,2,thumbnail,Nordic / Local Web,nordic-local,http://archive.org/wayback/available?url=http://www.lunarstorm.se/&timestamp=20020101,"https://web.archive.org/cdx/search/cdx?url=http://www.lunarstorm.se/&from=2001&to=2003&output=json&fl=timestamp,original,statuscode,mimetype&filter=statuscode:200&limit=20"
the-pirate-bay,The Pirate Bay,http://thepiratebay.org/,2006,2,thumbnail,File Sharing,p2p-media,http://archive.org/wayback/available?url=http://thepiratebay.org/&timestamp=20060101,"https://web.archive.org/cdx/search/cdx?url=http://thepiratebay.org/&from=2005&to=2007&output=json&fl=timestamp,original,statuscode,mimetype&filter=statuscode:200&limit=20"
